Name,Instrument,Mon 9-10,Mon 10-11,Mon 1-2,Mon 2-3,Mon 3-4,Mon 4-5,Tue 3-4,Wed 9-10,Wed 10-11,Wed 1-2,Wed 2-3,Wed 3-4,Thu 3-4,Fri 9-10,Fri 10-11,Fri 12-1,Fri 1-2
Aiden Brooks,Trombone,Yes,No,No,Yes,No,Yes,Yes,Yes,Yes,Yes,Yes,Yes,No,Yes,Yes,No,Yes
Alicia Tran,Drums,Yes,Yes,No,Yes,Yes,Yes,Yes,No,Yes,Yes,Yes,No,Yes,No,Yes,Yes,Yes
Amelia Park,Trumpet,No,Yes,Yes,Yes,Yes,Yes,No,No,No,Yes,Yes,Yes,No,No,No,Yes,No
Andrew Kim,Tenor Sax,No,Yes,Yes,No,Yes,Yes,No,Yes,Yes,Yes,No,Yes,Yes,Yes,Yes,No,Yes
Angela Moreno,Piano,Yes,Yes,Yes,No,No,No,No,Yes,Yes,Yes,No,No,No,Yes,Yes,Yes,Yes
Anthony Davis,Alto Sax,Yes,Yes,No,Yes,Yes,Yes,Yes,No,Yes,No,Yes,No,No,No,Yes,Yes,No
Arianna Lewis,Bass,Yes,No,Yes,Yes,No,Yes,Yes,Yes,Yes,Yes,No,No,Yes,Yes,Yes,No,No
Benjamin Clark,Vox,No,Yes,No,Yes,No,Yes,Yes,Yes,No,No,No,No,No,Yes,No,No,No
Brandon Flores,Clarinet,No,No,No,Yes,Yes,Yes,Yes,No,Yes,Yes,Yes,Yes,Yes,Yes,Yes,No,No
Brianna Patel,Drums,Yes,No,No,Yes,No,Yes,Yes,Yes,Yes,No,Yes,No,No,Yes,Yes,Yes,Yes
Caleb Wright,Trumpet,Yes,No,Yes,No,Yes,Yes,Yes,No,No,Yes,Yes,Yes,Yes,No,Yes,No,Yes
Camila Gomez,Alto Sax,No,Yes,No,Yes,Yes,No,No,Yes,Yes,Yes,Yes,No,Yes,Yes,Yes,Yes,Yes
Caroline Hughes,Guitar,Yes,No,No,No,Yes,Yes,No,No,Yes,Yes,Yes,No,Yes,Yes,Yes,Yes,Yes
Charles Nguyen,Bass,Yes,Yes,Yes,No,Yes,No,Yes,No,No,Yes,Yes,Yes,No,Yes,No,No,Yes
Charlotte Miller,Other Percussion,Yes,No,Yes,No,Yes,Yes,No,No,Yes,Yes,Yes,Yes,No,Yes,No,No,Yes
Chloe Sanders,Trumpet,No,Yes,No,Yes,Yes,Yes,No,Yes,No,Yes,No,Yes,No,Yes,Yes,No,No
Christopher Allen,Alto Sax,Yes,Yes,Yes,Yes,No,No,Yes,No,No,Yes,No,Yes,No,Yes,No,No,Yes
Claire Mitchell,Other Chord,No,Yes,Yes,Yes,No,Yes,No,No,No,Yes,Yes,Yes,Yes,Yes,Yes,No,No
Daniel Rivera,Trombone,Yes,Yes,Yes,No,Yes,Yes,No,Yes,Yes,No,Yes,No,No,Yes,Yes,Yes,Yes
David Foster,Tenor Sax,Yes,Yes,Yes,No,Yes,No,Yes,No,Yes,Yes,Yes,No,No,Yes,No,No,Yes
Eleanor Lopez,Guitar,No,Yes,Yes,No,Yes,Yes,No,No,Yes,No,No,Yes,Yes,Yes,No,Yes,Yes
Elena Perry,Bari Sax,No,No,Yes,Yes,Yes,Yes,No,Yes,No,Yes,Yes,Yes,No,No,Yes,Yes,No
Elijah Turner,Clarinet,Yes,Yes,Yes,No,Yes,No,Yes,No,No,No,Yes,No,Yes,Yes,No,No,No
Elizabeth Ward,Piano,Yes,No,Yes,Yes,Yes,No,No,Yes,No,No,Yes,Yes,No,Yes,No,No,Yes
Ella Ramirez,Flute,No,No,Yes,Yes,Yes,Yes,No,Yes,No,No,Yes,Yes,Yes,No,No,No,Yes
Ethan Phillips,Vox,No,Yes,No,Yes,No,No,Yes,Yes,Yes,No,No,No,No,No,No,Yes,No
Eva Gonzales,Trumpet,Yes,Yes,No,No,No,Yes,Yes,Yes,No,Yes,Yes,Yes,No,No,Yes,Yes,Yes
Gabriel Morgan,Bass,Yes,Yes,No,No,No,Yes,Yes,Yes,No,No,Yes,Yes,No,No,Yes,Yes,Yes
Grace Torres,Trombone,No,No,Yes,No,Yes,No,No,Yes,No,No,Yes,No,No,No,Yes,No,No
Hannah Jenkins,Trumpet,No,Yes,Yes,No,Yes,Yes,No,Yes,No,No,No,Yes,Yes,Yes,Yes,Yes,Yes
Isaac Thompson,Tenor Sax,Yes,Yes,Yes,Yes,Yes,Yes,No,Yes,Yes,No,No,Yes,Yes,No,Yes,No,No
Isabella Reed,Piano,Yes,No,No,No,Yes,Yes,No,Yes,No,No,No,No,Yes,No,Yes,No,No
Jack Peterson,Alto Sax,Yes,No,No,Yes,No,No,Yes,Yes,No,Yes,Yes,No,No,Yes,No,No,Yes
Jacob Price,Vox,Yes,Yes,No,Yes,No,Yes,Yes,Yes,Yes,No,Yes,Yes,No,Yes,No,Yes,Yes
Jasmine Cook,Guitar,No,Yes,Yes,No,No,Yes,Yes,No,No,No,Yes,Yes,Yes,Yes,Yes,Yes,Yes
Jason Murphy,Trumpet,Yes,Yes,Yes,No,Yes,Yes,Yes,Yes,No,Yes,No,No,No,No,Yes,No,Yes
Jayden Ross,Other Chord,No,No,Yes,Yes,Yes,Yes,No,No,Yes,Yes,Yes,No,Yes,Yes,Yes,Yes,Yes
Jessica Bennett,Flute,No,No,Yes,No,Yes,Yes,No,Yes,No,Yes,Yes,Yes,Yes,Yes,No,No,No
John Bailey,Tenor Sax,No,No,Yes,No,Yes,Yes,No,No,No,No,No,Yes,No,Yes,No,Yes,Yes
Jonathan Stewart,Clarinet,Yes,Yes,Yes,Yes,No,No,Yes,Yes,No,No,Yes,No,No,Yes,Yes,No,Yes
Jordan Howard,Other Percussion,No,No,Yes,Yes,No,No,No,Yes,Yes,Yes,No,Yes,No,Yes,Yes,Yes,No
Joseph Kelly,Bass,Yes,No,Yes,No,No,No,No,Yes,No,Yes,Yes,No,Yes,Yes,No,Yes,No
Julia Barnes,Trombone,No,Yes,No,Yes,No,Yes,Yes,No,Yes,No,Yes,No,Yes,No,Yes,Yes,Yes
Kaitlyn Rogers,Trumpet,No,No,Yes,No,Yes,Yes,No,Yes,Yes,No,Yes,Yes,No,No,No,No,No
Katherine Evans,Alto Sax,No,No,No,No,Yes,No,Yes,No,No,Yes,No,Yes,Yes,Yes,Yes,Yes,Yes
Liam Parker,Flute,Yes,No,No,Yes,No,Yes,No,Yes,Yes,No,No,Yes,Yes,Yes,No,Yes,No
Lucas Gray,Bari Sax,No,No,No,No,No,No,Yes,Yes,No,Yes,Yes,Yes,No,Yes,No,Yes,Yes
Madison Coleman,Drums,No,Yes,Yes,Yes,Yes,Yes,Yes,Yes,No,Yes,Yes,No,Yes,No,Yes,No,Yes
Mason Edwards,Drums,No,Yes,Yes,No,No,Yes,Yes,Yes,No,No,No,Yes,No,No,Yes,No,No
Matthew Diaz,Piano,Yes,Yes,Yes,Yes,No,No,Yes,No,No,No,Yes,No,Yes,Yes,No,Yes,No
Maya Simmons,Trombone,Yes,Yes,Yes,Yes,Yes,Yes,No,Yes,Yes,No,Yes,No,Yes,Yes,Yes,Yes,No
Michael Russell,Other Horn,Yes,No,No,Yes,No,No,Yes,Yes,Yes,Yes,No,Yes,No,No,No,Yes,No
Natalie Bell,Guitar,No,Yes,Yes,No,No,No,No,Yes,No,Yes,No,No,Yes,Yes,Yes,Yes,Yes
Nathan Hayes,Alto Sax,Yes,Yes,No,Yes,No,Yes,Yes,No,Yes,Yes,Yes,Yes,Yes,No,Yes,Yes,No
Noah Bryant,Tenor Sax,Yes,Yes,Yes,No,No,Yes,Yes,Yes,Yes,No,No,Yes,Yes,No,No,No,Yes
Olivia Foster,Vox,Yes,No,Yes,Yes,No,No,Yes,Yes,No,Yes,Yes,No,No,No,Yes,No,Yes
Ryan Carter,Other Horn,No,Yes,No,Yes,No,Yes,Yes,Yes,Yes,Yes,Yes,No,No,Yes,Yes,Yes,Yes
Samuel Powell,Bass,Yes,No,Yes,Yes,Yes,Yes,Yes,No,No,No,Yes,No,Yes,No,Yes,No,Yes
Sophia Richardson,Other Chord,No,Yes,No,Yes,Yes,No,No,Yes,No,Yes,No,Yes,No,No,No,No,No
William Long,Alto Sax,Yes,Yes,No,No,Yes,No,Yes,Yes,No,No,No,No,Yes,Yes,Yes,No,Yes
